{"cameraMode":{"drawMode":0,"name":"Shaded","section":"Shading Mode"},"sceneLighting":true,"audioPlay":false,"sceneViewState":{"showFog":true,"showMaterialUpdate":true,"showSkybox":false,"showFlares":true,"showImageEffects":true,"showParticleSystems":true},"in2DMode":false,"pivot":{"x":399.864990234375,"y":897.1356201171875,"z":-175.806640625},"rotation":{"x":0.21342377364635468,"y":-0.4051278233528137,"z":0.097854383289814,"w":0.8835984468460083},"size":696.726318359375,"orthographic":true}