{"cameraMode":{"drawMode":0,"name":"Shaded","section":"Shading Mode"},"sceneLighting":true,"audioPlay":false,"sceneViewState":{"showFog":true,"showMaterialUpdate":true,"showSkybox":false,"showFlares":true,"showImageEffects":true,"showParticleSystems":true},"in2DMode":false,"pivot":{"x":-0.04076242446899414,"y":0.059038639068603519,"z":-0.010054588317871094},"rotation":{"x":0.08580220490694046,"y":-0.9006658792495728,"z":0.3718035817146301,"w":0.20784899592399598},"size":40.010372161865237,"orthographic":false}